{"renderMethod":"DEFAULT","encodingPreset":"PNG","videoWidth":2560,"videoHeight":1440,"framesPerSecond":60,"bitRate":20971520,"outputFile":"C:\\Users\\lwadd\\Documents\\Twitch\\Minecraft\\Install\\Instances\\Primitive Minecraft 1.20.1\\screenshots","renderNameTags":false,"includeAlphaChannel":false,"stabilizeYaw":false,"stabilizePitch":false,"stabilizeRoll":false,"sphericalFovX":360,"sphericalFovY":180,"injectSphericalMetadata":false,"depthMap":false,"cameraPathExport":false,"antiAliasing":"NONE","exportCommand":"","exportArguments":"","exportArgumentsBgra":"","highPerformance":false}