{"renderMethod":"DEFAULT","encodingPreset":"MP4_CUSTOM","videoWidth":2560,"videoHeight":1440,"framesPerSecond":60,"bitRate":20971520,"outputFile":"C:\\Users\\lwadd\\Documents\\Twitch\\Minecraft\\Install\\Instances\\Primitive Minecraft 1.20.1\\.\\replay_videos","renderNameTags":false,"includeAlphaChannel":false,"stabilizeYaw":false,"stabilizePitch":false,"stabilizeRoll":false,"sphericalFovX":360,"sphericalFovY":180,"injectSphericalMetadata":false,"depthMap":false,"cameraPathExport":false,"antiAliasing":"NONE","exportCommand":"","exportArguments":"","exportArgumentsBgra":"-y -f rawvideo -pix_fmt bgra -s %WIDTH%x%HEIGHT% -r %FPS% -i - %FILTERS%-an -c:v libx264 -b:v %BITRATE% -pix_fmt yuv420p \"%FILENAME%\"","highPerformance":false}