{
  "ambientsounds:animals.bird-ambience7": 1.0,
  "astikorcarts:entity.cart.attach": 1.0,
  "astikorcarts:entity.cart.detach": 1.0,
  "astikorcarts:entity.cart.place": 1.0,
  "firmalife:item.hollow_shell.blow": 1.0,
  "minecraft:ambient.basalt_deltas.additions": 1.0,
  "minecraft:ambient.basalt_deltas.loop": 1.0,
  "minecraft:ambient.basalt_deltas.mood": 1.0,
  "minecraft:ambient.cave": 1.0,
  "minecraft:ambient.crimson_forest.additions": 1.0,
  "minecraft:ambient.crimson_forest.loop": 1.0,
  "minecraft:ambient.crimson_forest.mood": 1.0,
  "minecraft:ambient.nether_wastes.additions": 1.0,
  "minecraft:ambient.nether_wastes.loop": 1.0,
  "minecraft:ambient.nether_wastes.mood": 1.0,
  "minecraft:ambient.soul_sand_valley.additions": 1.0,
  "minecraft:ambient.soul_sand_valley.loop": 1.0,
  "minecraft:ambient.soul_sand_valley.mood": 1.0,
  "minecraft:ambient.underwater.enter": 1.0,
  "minecraft:ambient.underwater.exit": 1.0,
  "minecraft:ambient.underwater.loop": 1.0,
  "minecraft:ambient.underwater.loop.additions": 1.0,
  "minecraft:ambient.underwater.loop.additions.rare": 1.0,
  "minecraft:ambient.underwater.loop.additions.ultra_rare": 1.0,
  "minecraft:ambient.warped_forest.additions": 1.0,
  "minecraft:ambient.warped_forest.loop": 1.0,
  "minecraft:ambient.warped_forest.mood": 1.0,
  "minecraft:block.amethyst_block.break": 1.0,
  "minecraft:block.amethyst_block.chime": 1.0,
  "minecraft:block.amethyst_block.fall": 1.0,
  "minecraft:block.amethyst_block.hit": 1.0,
  "minecraft:block.amethyst_block.place": 1.0,
  "minecraft:block.amethyst_block.resonate": 1.0,
  "minecraft:block.amethyst_block.step": 1.0,
  "minecraft:block.amethyst_cluster.break": 1.0,
  "minecraft:block.amethyst_cluster.fall": 1.0,
  "minecraft:block.amethyst_cluster.hit": 1.0,
  "minecraft:block.amethyst_cluster.place": 1.0,
  "minecraft:block.amethyst_cluster.step": 1.0,
  "minecraft:block.ancient_debris.break": 1.0,
  "minecraft:block.ancient_debris.fall": 1.0,
  "minecraft:block.ancient_debris.hit": 1.0,
  "minecraft:block.ancient_debris.place": 1.0,
  "minecraft:block.ancient_debris.step": 1.0,
  "minecraft:block.anvil.break": 1.0,
  "minecraft:block.anvil.destroy": 1.0,
  "minecraft:block.anvil.fall": 1.0,
  "minecraft:block.anvil.hit": 1.0,
  "minecraft:block.anvil.land": 1.0,
  "minecraft:block.anvil.place": 1.0,
  "minecraft:block.anvil.step": 1.0,
  "minecraft:block.anvil.use": 1.0,
  "minecraft:block.azalea.break": 1.0,
  "minecraft:block.azalea.fall": 1.0,
  "minecraft:block.azalea.hit": 1.0,
  "minecraft:block.azalea.place": 1.0,
  "minecraft:block.azalea.step": 1.0,
  "minecraft:block.azalea_leaves.break": 1.0,
  "minecraft:block.azalea_leaves.fall": 1.0,
  "minecraft:block.azalea_leaves.hit": 1.0,
  "minecraft:block.azalea_leaves.place": 1.0,
  "minecraft:block.azalea_leaves.step": 1.0,
  "minecraft:block.bamboo.break": 1.0,
  "minecraft:block.bamboo.fall": 1.0,
  "minecraft:block.bamboo.hit": 1.0,
  "minecraft:block.bamboo.place": 1.0,
  "minecraft:block.bamboo.step": 1.0,
  "minecraft:block.bamboo_sapling.break": 1.0,
  "minecraft:block.bamboo_sapling.hit": 1.0,
  "minecraft:block.bamboo_sapling.place": 1.0,
  "minecraft:block.bamboo_wood.break": 1.0,
  "minecraft:block.bamboo_wood.fall": 1.0,
  "minecraft:block.bamboo_wood.hit": 1.0,
  "minecraft:block.bamboo_wood.place": 1.0,
  "minecraft:block.bamboo_wood.step": 1.0,
  "minecraft:block.bamboo_wood_button.click_off": 1.0,
  "minecraft:block.bamboo_wood_button.click_on": 1.0,
  "minecraft:block.bamboo_wood_door.close": 1.0,
  "minecraft:block.bamboo_wood_door.open": 1.0,
  "minecraft:block.bamboo_wood_fence_gate.close": 1.0,
  "minecraft:block.bamboo_wood_fence_gate.open": 1.0,
  "minecraft:block.bamboo_wood_hanging_sign.break": 1.0,
  "minecraft:block.bamboo_wood_hanging_sign.fall": 1.0,
  "minecraft:block.bamboo_wood_hanging_sign.hit": 1.0,
  "minecraft:block.bamboo_wood_hanging_sign.place": 1.0,
  "minecraft:block.bamboo_wood_hanging_sign.step": 1.0,
  "minecraft:block.bamboo_wood_pressure_plate.click_off": 1.0,
  "minecraft:block.bamboo_wood_pressure_plate.click_on": 1.0,
  "minecraft:block.bamboo_wood_trapdoor.close": 1.0,
  "minecraft:block.bamboo_wood_trapdoor.open": 1.0,
  "minecraft:block.barrel.close": 1.0,
  "minecraft:block.barrel.open": 1.0,
  "minecraft:block.basalt.break": 1.0,
  "minecraft:block.basalt.fall": 1.0,
  "minecraft:block.basalt.hit": 1.0,
  "minecraft:block.basalt.place": 1.0,
  "minecraft:block.basalt.step": 1.0,
  "minecraft:block.beacon.activate": 1.0,
  "minecraft:block.beacon.ambient": 1.0,
  "minecraft:block.beacon.deactivate": 1.0,
  "minecraft:block.beacon.power_select": 1.0,
  "minecraft:block.beehive.drip": 1.0,
  "minecraft:block.beehive.enter": 1.0,
  "minecraft:block.beehive.exit": 1.0,
  "minecraft:block.beehive.shear": 1.0,
  "minecraft:block.beehive.work": 1.0,
  "minecraft:block.bell.resonate": 1.0,
  "minecraft:block.bell.use": 1.0,
  "minecraft:block.big_dripleaf.break": 1.0,
  "minecraft:block.big_dripleaf.fall": 1.0,
  "minecraft:block.big_dripleaf.hit": 1.0,
  "minecraft:block.big_dripleaf.place": 1.0,
  "minecraft:block.big_dripleaf.step": 1.0,
  "minecraft:block.big_dripleaf.tilt_down": 1.0,
  "minecraft:block.big_dripleaf.tilt_up": 1.0,
  "minecraft:block.blastfurnace.fire_crackle": 1.0,
  "minecraft:block.bone_block.break": 1.0,
  "minecraft:block.bone_block.fall": 1.0,
  "minecraft:block.bone_block.hit": 1.0,
  "minecraft:block.bone_block.place": 1.0,
  "minecraft:block.bone_block.step": 1.0,
  "minecraft:block.brewing_stand.brew": 1.0,
  "minecraft:block.bubble_column.bubble_pop": 1.0,
  "minecraft:block.bubble_column.upwards_ambient": 1.0,
  "minecraft:block.bubble_column.upwards_inside": 1.0,
  "minecraft:block.bubble_column.whirlpool_ambient": 1.0,
  "minecraft:block.bubble_column.whirlpool_inside": 1.0,
  "minecraft:block.cake.add_candle": 1.0,
  "minecraft:block.calcite.break": 1.0,
  "minecraft:block.calcite.fall": 1.0,
  "minecraft:block.calcite.hit": 1.0,
  "minecraft:block.calcite.place": 1.0,
  "minecraft:block.calcite.step": 1.0,
  "minecraft:block.campfire.crackle": 1.0,
  "minecraft:block.candle.ambient": 1.0,
  "minecraft:block.candle.break": 1.0,
  "minecraft:block.candle.extinguish": 1.0,
  "minecraft:block.candle.fall": 1.0,
  "minecraft:block.candle.hit": 1.0,
  "minecraft:block.candle.place": 1.0,
  "minecraft:block.candle.step": 1.0,
  "minecraft:block.cave_vines.break": 1.0,
  "minecraft:block.cave_vines.fall": 1.0,
  "minecraft:block.cave_vines.hit": 1.0,
  "minecraft:block.cave_vines.pick_berries": 1.0,
  "minecraft:block.cave_vines.place": 1.0,
  "minecraft:block.cave_vines.step": 1.0,
  "minecraft:block.chain.break": 1.0,
  "minecraft:block.chain.fall": 1.0,
  "minecraft:block.chain.hit": 1.0,
  "minecraft:block.chain.place": 1.0,
  "minecraft:block.chain.step": 1.0,
  "minecraft:block.cherry_leaves.break": 1.0,
  "minecraft:block.cherry_leaves.fall": 1.0,
  "minecraft:block.cherry_leaves.hit": 1.0,
  "minecraft:block.cherry_leaves.place": 1.0,
  "minecraft:block.cherry_leaves.step": 1.0,
  "minecraft:block.cherry_sapling.break": 1.0,
  "minecraft:block.cherry_sapling.fall": 1.0,
  "minecraft:block.cherry_sapling.hit": 1.0,
  "minecraft:block.cherry_sapling.place": 1.0,
  "minecraft:block.cherry_sapling.step": 1.0,
  "minecraft:block.cherry_wood.break": 1.0,
  "minecraft:block.cherry_wood.fall": 1.0,
  "minecraft:block.cherry_wood.hit": 1.0,
  "minecraft:block.cherry_wood.place": 1.0,
  "minecraft:block.cherry_wood.step": 1.0,
  "minecraft:block.cherry_wood_button.click_off": 1.0,
  "minecraft:block.cherry_wood_button.click_on": 1.0,
  "minecraft:block.cherry_wood_door.close": 1.0,
  "minecraft:block.cherry_wood_door.open": 1.0,
  "minecraft:block.cherry_wood_fence_gate.close": 1.0,
  "minecraft:block.cherry_wood_fence_gate.open": 1.0,
  "minecraft:block.cherry_wood_hanging_sign.break": 1.0,
  "minecraft:block.cherry_wood_hanging_sign.fall": 1.0,
  "minecraft:block.cherry_wood_hanging_sign.hit": 1.0,
  "minecraft:block.cherry_wood_hanging_sign.place": 1.0,
  "minecraft:block.cherry_wood_hanging_sign.step": 1.0,
  "minecraft:block.cherry_wood_pressure_plate.click_off": 1.0,
  "minecraft:block.cherry_wood_pressure_plate.click_on": 1.0,
  "minecraft:block.cherry_wood_trapdoor.close": 1.0,
  "minecraft:block.cherry_wood_trapdoor.open": 1.0,
  "minecraft:block.chest.close": 1.0,
  "minecraft:block.chest.locked": 1.0,
  "minecraft:block.chest.open": 1.0,
  "minecraft:block.chiseled_bookshelf.break": 1.0,
  "minecraft:block.chiseled_bookshelf.fall": 1.0,
  "minecraft:block.chiseled_bookshelf.hit": 1.0,
  "minecraft:block.chiseled_bookshelf.insert": 1.0,
  "minecraft:block.chiseled_bookshelf.insert.enchanted": 1.0,
  "minecraft:block.chiseled_bookshelf.pickup": 1.0,
  "minecraft:block.chiseled_bookshelf.pickup.enchanted": 1.0,
  "minecraft:block.chiseled_bookshelf.place": 1.0,
  "minecraft:block.chiseled_bookshelf.step": 1.0,
  "minecraft:block.chorus_flower.death": 1.0,
  "minecraft:block.chorus_flower.grow": 1.0,
  "minecraft:block.comparator.click": 1.0,
  "minecraft:block.composter.empty": 1.0,
  "minecraft:block.composter.fill": 1.0,
  "minecraft:block.composter.fill_success": 1.0,
  "minecraft:block.composter.ready": 1.0,
  "minecraft:block.conduit.activate": 1.0,
  "minecraft:block.conduit.ambient": 1.0,
  "minecraft:block.conduit.ambient.short": 1.0,
  "minecraft:block.conduit.attack.target": 1.0,
  "minecraft:block.conduit.deactivate": 1.0,
  "minecraft:block.copper.break": 1.0,
  "minecraft:block.copper.fall": 1.0,
  "minecraft:block.copper.hit": 1.0,
  "minecraft:block.copper.place": 1.0,
  "minecraft:block.copper.step": 1.0,
  "minecraft:block.coral_block.break": 1.0,
  "minecraft:block.coral_block.fall": 1.0,
  "minecraft:block.coral_block.hit": 1.0,
  "minecraft:block.coral_block.place": 1.0,
  "minecraft:block.coral_block.step": 1.0,
  "minecraft:block.crop.break": 1.0,
  "minecraft:block.decorated_pot.break": 1.0,
  "minecraft:block.decorated_pot.fall": 1.0,
  "minecraft:block.decorated_pot.hit": 1.0,
  "minecraft:block.decorated_pot.place": 1.0,
  "minecraft:block.decorated_pot.shatter": 1.0,
  "minecraft:block.decorated_pot.step": 1.0,
  "minecraft:block.deepslate.break": 1.0,
  "minecraft:block.deepslate.fall": 1.0,
  "minecraft:block.deepslate.hit": 1.0,
  "minecraft:block.deepslate.place": 1.0,
  "minecraft:block.deepslate.step": 1.0,
  "minecraft:block.deepslate_bricks.break": 1.0,
  "minecraft:block.deepslate_bricks.fall": 1.0,
  "minecraft:block.deepslate_bricks.hit": 1.0,
  "minecraft:block.deepslate_bricks.place": 1.0,
  "minecraft:block.deepslate_bricks.step": 1.0,
  "minecraft:block.deepslate_tiles.break": 1.0,
  "minecraft:block.deepslate_tiles.fall": 1.0,
  "minecraft:block.deepslate_tiles.hit": 1.0,
  "minecraft:block.deepslate_tiles.place": 1.0,
  "minecraft:block.deepslate_tiles.step": 1.0,
  "minecraft:block.dispenser.dispense": 1.0,
  "minecraft:block.dispenser.fail": 1.0,
  "minecraft:block.dispenser.launch": 1.0,
  "minecraft:block.dripstone_block.break": 1.0,
  "minecraft:block.dripstone_block.fall": 1.0,
  "minecraft:block.dripstone_block.hit": 1.0,
  "minecraft:block.dripstone_block.place": 1.0,
  "minecraft:block.dripstone_block.step": 1.0,
  "minecraft:block.enchantment_table.use": 1.0,
  "minecraft:block.end_gateway.spawn": 1.0,
  "minecraft:block.end_portal.spawn": 1.0,
  "minecraft:block.end_portal_frame.fill": 1.0,
  "minecraft:block.ender_chest.close": 1.0,
  "minecraft:block.ender_chest.open": 1.0,
  "minecraft:block.fence_gate.close": 1.0,
  "minecraft:block.fence_gate.open": 1.0,
  "minecraft:block.fire.ambient": 1.0,
  "minecraft:block.fire.extinguish": 1.0,
  "minecraft:block.flowering_azalea.break": 1.0,
  "minecraft:block.flowering_azalea.fall": 1.0,
  "minecraft:block.flowering_azalea.hit": 1.0,
  "minecraft:block.flowering_azalea.place": 1.0,
  "minecraft:block.flowering_azalea.step": 1.0,
  "minecraft:block.froglight.break": 1.0,
  "minecraft:block.froglight.fall": 1.0,
  "minecraft:block.froglight.hit": 1.0,
  "minecraft:block.froglight.place": 1.0,
  "minecraft:block.froglight.step": 1.0,
  "minecraft:block.frogspawn.break": 1.0,
  "minecraft:block.frogspawn.fall": 1.0,
  "minecraft:block.frogspawn.hatch": 1.0,
  "minecraft:block.frogspawn.hit": 1.0,
  "minecraft:block.frogspawn.place": 1.0,
  "minecraft:block.frogspawn.step": 1.0,
  "minecraft:block.fungus.break": 1.0,
  "minecraft:block.fungus.fall": 1.0,
  "minecraft:block.fungus.hit": 1.0,
  "minecraft:block.fungus.place": 1.0,
  "minecraft:block.fungus.step": 1.0,
  "minecraft:block.furnace.fire_crackle": 1.0,
  "minecraft:block.gilded_blackstone.break": 1.0,
  "minecraft:block.gilded_blackstone.fall": 1.0,
  "minecraft:block.gilded_blackstone.hit": 1.0,
  "minecraft:block.gilded_blackstone.place": 1.0,
  "minecraft:block.gilded_blackstone.step": 1.0,
  "minecraft:block.glass.break": 1.0,
  "minecraft:block.glass.fall": 1.0,
  "minecraft:block.glass.hit": 1.0,
  "minecraft:block.glass.place": 1.0,
  "minecraft:block.glass.step": 1.0,
  "minecraft:block.grass.break": 1.0,
  "minecraft:block.grass.fall": 1.0,
  "minecraft:block.grass.hit": 1.0,
  "minecraft:block.grass.place": 1.0,
  "minecraft:block.grass.step": 1.0,
  "minecraft:block.gravel.break": 1.0,
  "minecraft:block.gravel.fall": 1.0,
  "minecraft:block.gravel.hit": 1.0,
  "minecraft:block.gravel.place": 1.0,
  "minecraft:block.gravel.step": 1.0,
  "minecraft:block.grindstone.use": 1.0,
  "minecraft:block.growing_plant.crop": 1.0,
  "minecraft:block.hanging_roots.break": 1.0,
  "minecraft:block.hanging_roots.fall": 1.0,
  "minecraft:block.hanging_roots.hit": 1.0,
  "minecraft:block.hanging_roots.place": 1.0,
  "minecraft:block.hanging_roots.step": 1.0,
  "minecraft:block.hanging_sign.break": 1.0,
  "minecraft:block.hanging_sign.fall": 1.0,
  "minecraft:block.hanging_sign.hit": 1.0,
  "minecraft:block.hanging_sign.place": 1.0,
  "minecraft:block.hanging_sign.step": 1.0,
  "minecraft:block.honey_block.break": 1.0,
  "minecraft:block.honey_block.fall": 1.0,
  "minecraft:block.honey_block.hit": 1.0,
  "minecraft:block.honey_block.place": 1.0,
  "minecraft:block.honey_block.slide": 1.0,
  "minecraft:block.honey_block.step": 1.0,
  "minecraft:block.iron_door.close": 1.0,
  "minecraft:block.iron_door.open": 1.0,
  "minecraft:block.iron_trapdoor.close": 1.0,
  "minecraft:block.iron_trapdoor.open": 1.0,
  "minecraft:block.ladder.break": 1.0,
  "minecraft:block.ladder.fall": 1.0,
  "minecraft:block.ladder.hit": 1.0,
  "minecraft:block.ladder.place": 1.0,
  "minecraft:block.ladder.step": 1.0,
  "minecraft:block.lantern.break": 1.0,
  "minecraft:block.lantern.fall": 1.0,
  "minecraft:block.lantern.hit": 1.0,
  "minecraft:block.lantern.place": 1.0,
  "minecraft:block.lantern.step": 1.0,
  "minecraft:block.large_amethyst_bud.break": 1.0,
  "minecraft:block.large_amethyst_bud.place": 1.0,
  "minecraft:block.lava.ambient": 1.0,
  "minecraft:block.lava.extinguish": 1.0,
  "minecraft:block.lava.pop": 1.0,
  "minecraft:block.lever.click": 1.0,
  "minecraft:block.lily_pad.place": 1.0,
  "minecraft:block.lodestone.break": 1.0,
  "minecraft:block.lodestone.fall": 1.0,
  "minecraft:block.lodestone.hit": 1.0,
  "minecraft:block.lodestone.place": 1.0,
  "minecraft:block.lodestone.step": 1.0,
  "minecraft:block.mangrove_roots.break": 1.0,
  "minecraft:block.mangrove_roots.fall": 1.0,
  "minecraft:block.mangrove_roots.hit": 1.0,
  "minecraft:block.mangrove_roots.place": 1.0,
  "minecraft:block.mangrove_roots.step": 1.0,
  "minecraft:block.medium_amethyst_bud.break": 1.0,
  "minecraft:block.medium_amethyst_bud.place": 1.0,
  "minecraft:block.metal.break": 1.0,
  "minecraft:block.metal.fall": 1.0,
  "minecraft:block.metal.hit": 1.0,
  "minecraft:block.metal.place": 1.0,
  "minecraft:block.metal.step": 1.0,
  "minecraft:block.metal_pressure_plate.click_off": 1.0,
  "minecraft:block.metal_pressure_plate.click_on": 1.0,
  "minecraft:block.moss.break": 1.0,
  "minecraft:block.moss.fall": 1.0,
  "minecraft:block.moss.hit": 1.0,
  "minecraft:block.moss.place": 1.0,
  "minecraft:block.moss.step": 1.0,
  "minecraft:block.moss_carpet.break": 1.0,
  "minecraft:block.moss_carpet.fall": 1.0,
  "minecraft:block.moss_carpet.hit": 1.0,
  "minecraft:block.moss_carpet.place": 1.0,
  "minecraft:block.moss_carpet.step": 1.0,
  "minecraft:block.mud.break": 1.0,
  "minecraft:block.mud.fall": 1.0,
  "minecraft:block.mud.hit": 1.0,
  "minecraft:block.mud.place": 1.0,
  "minecraft:block.mud.step": 1.0,
  "minecraft:block.mud_bricks.break": 1.0,
  "minecraft:block.mud_bricks.fall": 1.0,
  "minecraft:block.mud_bricks.hit": 1.0,
  "minecraft:block.mud_bricks.place": 1.0,
  "minecraft:block.mud_bricks.step": 1.0,
  "minecraft:block.muddy_mangrove_roots.break": 1.0,
  "minecraft:block.muddy_mangrove_roots.fall": 1.0,
  "minecraft:block.muddy_mangrove_roots.hit": 1.0,
  "minecraft:block.muddy_mangrove_roots.place": 1.0,
  "minecraft:block.muddy_mangrove_roots.step": 1.0,
  "minecraft:block.nether_bricks.break": 1.0,
  "minecraft:block.nether_bricks.fall": 1.0,
  "minecraft:block.nether_bricks.hit": 1.0,
  "minecraft:block.nether_bricks.place": 1.0,
  "minecraft:block.nether_bricks.step": 1.0,
  "minecraft:block.nether_gold_ore.break": 1.0,
  "minecraft:block.nether_gold_ore.fall": 1.0,
  "minecraft:block.nether_gold_ore.hit": 1.0,
  "minecraft:block.nether_gold_ore.place": 1.0,
  "minecraft:block.nether_gold_ore.step": 1.0,
  "minecraft:block.nether_ore.break": 1.0,
  "minecraft:block.nether_ore.fall": 1.0,
  "minecraft:block.nether_ore.hit": 1.0,
  "minecraft:block.nether_ore.place": 1.0,
  "minecraft:block.nether_ore.step": 1.0,
  "minecraft:block.nether_sprouts.break": 1.0,
  "minecraft:block.nether_sprouts.fall": 1.0,
  "minecraft:block.nether_sprouts.hit": 1.0,
  "minecraft:block.nether_sprouts.place": 1.0,
  "minecraft:block.nether_sprouts.step": 1.0,
  "minecraft:block.nether_wart.break": 1.0,
  "minecraft:block.nether_wood.break": 1.0,
  "minecraft:block.nether_wood.fall": 1.0,
  "minecraft:block.nether_wood.hit": 1.0,
  "minecraft:block.nether_wood.place": 1.0,
  "minecraft:block.nether_wood.step": 1.0,
  "minecraft:block.nether_wood_button.click_off": 1.0,
  "minecraft:block.nether_wood_button.click_on": 1.0,
  "minecraft:block.nether_wood_door.close": 1.0,
  "minecraft:block.nether_wood_door.open": 1.0,
  "minecraft:block.nether_wood_fence_gate.close": 1.0,
  "minecraft:block.nether_wood_fence_gate.open": 1.0,
  "minecraft:block.nether_wood_hanging_sign.break": 1.0,
  "minecraft:block.nether_wood_hanging_sign.fall": 1.0,
  "minecraft:block.nether_wood_hanging_sign.hit": 1.0,
  "minecraft:block.nether_wood_hanging_sign.place": 1.0,
  "minecraft:block.nether_wood_hanging_sign.step": 1.0,
  "minecraft:block.nether_wood_pressure_plate.click_off": 1.0,
  "minecraft:block.nether_wood_pressure_plate.click_on": 1.0,
  "minecraft:block.nether_wood_trapdoor.close": 1.0,
  "minecraft:block.nether_wood_trapdoor.open": 1.0,
  "minecraft:block.netherite_block.break": 1.0,
  "minecraft:block.netherite_block.fall": 1.0,
  "minecraft:block.netherite_block.hit": 1.0,
  "minecraft:block.netherite_block.place": 1.0,
  "minecraft:block.netherite_block.step": 1.0,
  "minecraft:block.netherrack.break": 1.0,
  "minecraft:block.netherrack.fall": 1.0,
  "minecraft:block.netherrack.hit": 1.0,
  "minecraft:block.netherrack.place": 1.0,
  "minecraft:block.netherrack.step": 1.0,
  "minecraft:block.note_block.banjo": 1.0,
  "minecraft:block.note_block.basedrum": 1.0,
  "minecraft:block.note_block.bass": 1.0,
  "minecraft:block.note_block.bell": 1.0,
  "minecraft:block.note_block.bit": 1.0,
  "minecraft:block.note_block.chime": 1.0,
  "minecraft:block.note_block.cow_bell": 1.0,
  "minecraft:block.note_block.didgeridoo": 1.0,
  "minecraft:block.note_block.flute": 1.0,
  "minecraft:block.note_block.guitar": 1.0,
  "minecraft:block.note_block.harp": 1.0,
  "minecraft:block.note_block.hat": 1.0,
  "minecraft:block.note_block.imitate.creeper": 1.0,
  "minecraft:block.note_block.imitate.ender_dragon": 1.0,
  "minecraft:block.note_block.imitate.piglin": 1.0,
  "minecraft:block.note_block.imitate.skeleton": 1.0,
  "minecraft:block.note_block.imitate.wither_skeleton": 1.0,
  "minecraft:block.note_block.imitate.zombie": 1.0,
  "minecraft:block.note_block.iron_xylophone": 1.0,
  "minecraft:block.note_block.pling": 1.0,
  "minecraft:block.note_block.snare": 1.0,
  "minecraft:block.note_block.xylophone": 1.0,
  "minecraft:block.nylium.break": 1.0,
  "minecraft:block.nylium.fall": 1.0,
  "minecraft:block.nylium.hit": 1.0,
  "minecraft:block.nylium.place": 1.0,
  "minecraft:block.nylium.step": 1.0,
  "minecraft:block.packed_mud.break": 1.0,
  "minecraft:block.packed_mud.fall": 1.0,
  "minecraft:block.packed_mud.hit": 1.0,
  "minecraft:block.packed_mud.place": 1.0,
  "minecraft:block.packed_mud.step": 1.0,
  "minecraft:block.pink_petals.break": 1.0,
  "minecraft:block.pink_petals.fall": 1.0,
  "minecraft:block.pink_petals.hit": 1.0,
  "minecraft:block.pink_petals.place": 1.0,
  "minecraft:block.pink_petals.step": 1.0,
  "minecraft:block.piston.contract": 1.0,
  "minecraft:block.piston.extend": 1.0,
  "minecraft:block.pointed_dripstone.break": 1.0,
  "minecraft:block.pointed_dripstone.drip_lava": 1.0,
  "minecraft:block.pointed_dripstone.drip_lava_into_cauldron": 1.0,
  "minecraft:block.pointed_dripstone.drip_water": 1.0,
  "minecraft:block.pointed_dripstone.drip_water_into_cauldron": 1.0,
  "minecraft:block.pointed_dripstone.fall": 1.0,
  "minecraft:block.pointed_dripstone.hit": 1.0,
  "minecraft:block.pointed_dripstone.land": 1.0,
  "minecraft:block.pointed_dripstone.place": 1.0,
  "minecraft:block.pointed_dripstone.step": 1.0,
  "minecraft:block.polished_deepslate.break": 1.0,
  "minecraft:block.polished_deepslate.fall": 1.0,
  "minecraft:block.polished_deepslate.hit": 1.0,
  "minecraft:block.polished_deepslate.place": 1.0,
  "minecraft:block.polished_deepslate.step": 1.0,
  "minecraft:block.portal.ambient": 1.0,
  "minecraft:block.portal.travel": 1.0,
  "minecraft:block.portal.trigger": 1.0,
  "minecraft:block.powder_snow.break": 1.0,
  "minecraft:block.powder_snow.fall": 1.0,
  "minecraft:block.powder_snow.hit": 1.0,
  "minecraft:block.powder_snow.place": 1.0,
  "minecraft:block.powder_snow.step": 1.0,
  "minecraft:block.pumpkin.carve": 1.0,
  "minecraft:block.redstone_torch.burnout": 1.0,
  "minecraft:block.respawn_anchor.ambient": 1.0,
  "minecraft:block.respawn_anchor.charge": 1.0,
  "minecraft:block.respawn_anchor.deplete": 1.0,
  "minecraft:block.respawn_anchor.set_spawn": 1.0,
  "minecraft:block.rooted_dirt.break": 1.0,
  "minecraft:block.rooted_dirt.fall": 1.0,
  "minecraft:block.rooted_dirt.hit": 1.0,
  "minecraft:block.rooted_dirt.place": 1.0,
  "minecraft:block.rooted_dirt.step": 1.0,
  "minecraft:block.roots.break": 1.0,
  "minecraft:block.roots.fall": 1.0,
  "minecraft:block.roots.hit": 1.0,
  "minecraft:block.roots.place": 1.0,
  "minecraft:block.roots.step": 1.0,
  "minecraft:block.sand.break": 1.0,
  "minecraft:block.sand.fall": 1.0,
  "minecraft:block.sand.hit": 1.0,
  "minecraft:block.sand.place": 1.0,
  "minecraft:block.sand.step": 1.0,
  "minecraft:block.scaffolding.break": 1.0,
  "minecraft:block.scaffolding.fall": 1.0,
  "minecraft:block.scaffolding.hit": 1.0,
  "minecraft:block.scaffolding.place": 1.0,
  "minecraft:block.scaffolding.step": 1.0,
  "minecraft:block.sculk.break": 1.0,
  "minecraft:block.sculk.charge": 1.0,
  "minecraft:block.sculk.fall": 1.0,
  "minecraft:block.sculk.hit": 1.0,
  "minecraft:block.sculk.place": 1.0,
  "minecraft:block.sculk.spread": 1.0,
  "minecraft:block.sculk.step": 1.0,
  "minecraft:block.sculk_catalyst.bloom": 1.0,
  "minecraft:block.sculk_catalyst.break": 1.0,
  "minecraft:block.sculk_catalyst.fall": 1.0,
  "minecraft:block.sculk_catalyst.hit": 1.0,
  "minecraft:block.sculk_catalyst.place": 1.0,
  "minecraft:block.sculk_catalyst.step": 1.0,
  "minecraft:block.sculk_sensor.break": 1.0,
  "minecraft:block.sculk_sensor.clicking": 1.0,
  "minecraft:block.sculk_sensor.clicking_stop": 1.0,
  "minecraft:block.sculk_sensor.fall": 1.0,
  "minecraft:block.sculk_sensor.hit": 1.0,
  "minecraft:block.sculk_sensor.place": 1.0,
  "minecraft:block.sculk_sensor.step": 1.0,
  "minecraft:block.sculk_shrieker.break": 1.0,
  "minecraft:block.sculk_shrieker.fall": 1.0,
  "minecraft:block.sculk_shrieker.hit": 1.0,
  "minecraft:block.sculk_shrieker.place": 1.0,
  "minecraft:block.sculk_shrieker.shriek": 1.0,
  "minecraft:block.sculk_shrieker.step": 1.0,
  "minecraft:block.sculk_vein.break": 1.0,
  "minecraft:block.sculk_vein.fall": 1.0,
  "minecraft:block.sculk_vein.hit": 1.0,
  "minecraft:block.sculk_vein.place": 1.0,
  "minecraft:block.sculk_vein.step": 1.0,
  "minecraft:block.shroomlight.break": 1.0,
  "minecraft:block.shroomlight.fall": 1.0,
  "minecraft:block.shroomlight.hit": 1.0,
  "minecraft:block.shroomlight.place": 1.0,
  "minecraft:block.shroomlight.step": 1.0,
  "minecraft:block.shulker_box.close": 1.0,
  "minecraft:block.shulker_box.open": 1.0,
  "minecraft:block.sign.waxed_interact_fail": 1.0,
  "minecraft:block.slime_block.break": 1.0,
  "minecraft:block.slime_block.fall": 1.0,
  "minecraft:block.slime_block.hit": 1.0,
  "minecraft:block.slime_block.place": 1.0,
  "minecraft:block.slime_block.step": 1.0,
  "minecraft:block.small_amethyst_bud.break": 1.0,
  "minecraft:block.small_amethyst_bud.place": 1.0,
  "minecraft:block.small_dripleaf.break": 1.0,
  "minecraft:block.small_dripleaf.fall": 1.0,
  "minecraft:block.small_dripleaf.hit": 1.0,
  "minecraft:block.small_dripleaf.place": 1.0,
  "minecraft:block.small_dripleaf.step": 1.0,
  "minecraft:block.smithing_table.use": 1.0,
  "minecraft:block.smoker.smoke": 1.0,
  "minecraft:block.sniffer_egg.crack": 1.0,
  "minecraft:block.sniffer_egg.hatch": 1.0,
  "minecraft:block.sniffer_egg.plop": 1.0,
  "minecraft:block.snow.break": 1.0,
  "minecraft:block.snow.fall": 1.0,
  "minecraft:block.snow.hit": 1.0,
  "minecraft:block.snow.place": 1.0,
  "minecraft:block.snow.step": 1.0,
  "minecraft:block.soul_sand.break": 1.0,
  "minecraft:block.soul_sand.fall": 1.0,
  "minecraft:block.soul_sand.hit": 1.0,
  "minecraft:block.soul_sand.place": 1.0,
  "minecraft:block.soul_sand.step": 1.0,
  "minecraft:block.soul_soil.break": 1.0,
  "minecraft:block.soul_soil.fall": 1.0,
  "minecraft:block.soul_soil.hit": 1.0,
  "minecraft:block.soul_soil.place": 1.0,
  "minecraft:block.soul_soil.step": 1.0,
  "minecraft:block.spore_blossom.break": 1.0,
  "minecraft:block.spore_blossom.fall": 1.0,
  "minecraft:block.spore_blossom.hit": 1.0,
  "minecraft:block.spore_blossom.place": 1.0,
  "minecraft:block.spore_blossom.step": 1.0,
  "minecraft:block.stem.break": 1.0,
  "minecraft:block.stem.fall": 1.0,
  "minecraft:block.stem.hit": 1.0,
  "minecraft:block.stem.place": 1.0,
  "minecraft:block.stem.step": 1.0,
  "minecraft:block.stone.break": 1.0,
  "minecraft:block.stone.fall": 1.0,
  "minecraft:block.stone.hit": 1.0,
  "minecraft:block.stone.place": 1.0,
  "minecraft:block.stone.step": 1.0,
  "minecraft:block.stone_button.click_off": 1.0,
  "minecraft:block.stone_button.click_on": 1.0,
  "minecraft:block.stone_pressure_plate.click_off": 1.0,
  "minecraft:block.stone_pressure_plate.click_on": 1.0,
  "minecraft:block.suspicious_gravel.break": 1.0,
  "minecraft:block.suspicious_gravel.fall": 1.0,
  "minecraft:block.suspicious_gravel.hit": 1.0,
  "minecraft:block.suspicious_gravel.place": 1.0,
  "minecraft:block.suspicious_gravel.step": 1.0,
  "minecraft:block.suspicious_sand.break": 1.0,
  "minecraft:block.suspicious_sand.fall": 1.0,
  "minecraft:block.suspicious_sand.hit": 1.0,
  "minecraft:block.suspicious_sand.place": 1.0,
  "minecraft:block.suspicious_sand.step": 1.0,
  "minecraft:block.sweet_berry_bush.break": 1.0,
  "minecraft:block.sweet_berry_bush.pick_berries": 1.0,
  "minecraft:block.sweet_berry_bush.place": 1.0,
  "minecraft:block.tripwire.attach": 1.0,
  "minecraft:block.tripwire.click_off": 1.0,
  "minecraft:block.tripwire.click_on": 1.0,
  "minecraft:block.tripwire.detach": 1.0,
  "minecraft:block.tuff.break": 1.0,
  "minecraft:block.tuff.fall": 1.0,
  "minecraft:block.tuff.hit": 1.0,
  "minecraft:block.tuff.place": 1.0,
  "minecraft:block.tuff.step": 1.0,
  "minecraft:block.vine.break": 1.0,
  "minecraft:block.vine.fall": 1.0,
  "minecraft:block.vine.hit": 1.0,
  "minecraft:block.vine.place": 1.0,
  "minecraft:block.vine.step": 1.0,
  "minecraft:block.wart_block.break": 1.0,
  "minecraft:block.wart_block.fall": 1.0,
  "minecraft:block.wart_block.hit": 1.0,
  "minecraft:block.wart_block.place": 1.0,
  "minecraft:block.wart_block.step": 1.0,
  "minecraft:block.water.ambient": 1.0,
  "minecraft:block.weeping_vines.break": 1.0,
  "minecraft:block.weeping_vines.fall": 1.0,
  "minecraft:block.weeping_vines.hit": 1.0,
  "minecraft:block.weeping_vines.place": 1.0,
  "minecraft:block.weeping_vines.step": 1.0,
  "minecraft:block.wet_grass.break": 1.0,
  "minecraft:block.wet_grass.fall": 1.0,
  "minecraft:block.wet_grass.hit": 1.0,
  "minecraft:block.wet_grass.place": 1.0,
  "minecraft:block.wet_grass.step": 1.0,
  "minecraft:block.wood.break": 1.0,
  "minecraft:block.wood.fall": 1.0,
  "minecraft:block.wood.hit": 1.0,
  "minecraft:block.wood.place": 1.0,
  "minecraft:block.wood.step": 1.0,
  "minecraft:block.wooden_button.click_off": 1.0,
  "minecraft:block.wooden_button.click_on": 1.0,
  "minecraft:block.wooden_door.close": 1.0,
  "minecraft:block.wooden_door.open": 1.0,
  "minecraft:block.wooden_pressure_plate.click_off": 1.0,
  "minecraft:block.wooden_pressure_plate.click_on": 1.0,
  "minecraft:block.wooden_trapdoor.close": 1.0,
  "minecraft:block.wooden_trapdoor.open": 1.0,
  "minecraft:block.wool.break": 1.0,
  "minecraft:block.wool.fall": 1.0,
  "minecraft:block.wool.hit": 1.0,
  "minecraft:block.wool.place": 1.0,
  "minecraft:block.wool.step": 1.0,
  "minecraft:enchant.thorns.hit": 1.0,
  "minecraft:entity.allay.ambient_with_item": 1.0,
  "minecraft:entity.allay.ambient_without_item": 1.0,
  "minecraft:entity.allay.death": 1.0,
  "minecraft:entity.allay.hurt": 1.0,
  "minecraft:entity.allay.item_given": 1.0,
  "minecraft:entity.allay.item_taken": 1.0,
  "minecraft:entity.allay.item_thrown": 1.0,
  "minecraft:entity.armor_stand.break": 1.0,
  "minecraft:entity.armor_stand.fall": 1.0,
  "minecraft:entity.armor_stand.hit": 1.0,
  "minecraft:entity.armor_stand.place": 1.0,
  "minecraft:entity.arrow.hit": 1.0,
  "minecraft:entity.arrow.hit_player": 1.0,
  "minecraft:entity.arrow.shoot": 1.0,
  "minecraft:entity.axolotl.attack": 1.0,
  "minecraft:entity.axolotl.death": 1.0,
  "minecraft:entity.axolotl.hurt": 1.0,
  "minecraft:entity.axolotl.idle_air": 1.0,
  "minecraft:entity.axolotl.idle_water": 1.0,
  "minecraft:entity.axolotl.splash": 1.0,
  "minecraft:entity.axolotl.swim": 1.0,
  "minecraft:entity.bat.ambient": 1.0,
  "minecraft:entity.bat.death": 1.0,
  "minecraft:entity.bat.hurt": 1.0,
  "minecraft:entity.bat.loop": 1.0,
  "minecraft:entity.bat.takeoff": 1.0,
  "minecraft:entity.bee.death": 1.0,
  "minecraft:entity.bee.hurt": 1.0,
  "minecraft:entity.bee.loop": 1.0,
  "minecraft:entity.bee.loop_aggressive": 1.0,
  "minecraft:entity.bee.pollinate": 1.0,
  "minecraft:entity.bee.sting": 1.0,
  "minecraft:entity.blaze.ambient": 1.0,
  "minecraft:entity.blaze.burn": 1.0,
  "minecraft:entity.blaze.death": 1.0,
  "minecraft:entity.blaze.hurt": 1.0,
  "minecraft:entity.blaze.shoot": 1.0,
  "minecraft:entity.boat.paddle_land": 1.0,
  "minecraft:entity.boat.paddle_water": 1.0,
  "minecraft:entity.camel.ambient": 1.0,
  "minecraft:entity.camel.dash": 1.0,
  "minecraft:entity.camel.dash_ready": 1.0,
  "minecraft:entity.camel.death": 1.0,
  "minecraft:entity.camel.eat": 1.0,
  "minecraft:entity.camel.hurt": 1.0,
  "minecraft:entity.camel.saddle": 1.0,
  "minecraft:entity.camel.sit": 1.0,
  "minecraft:entity.camel.stand": 1.0,
  "minecraft:entity.camel.step": 1.0,
  "minecraft:entity.camel.step_sand": 1.0,
  "minecraft:entity.cat.ambient": 1.0,
  "minecraft:entity.cat.beg_for_food": 1.0,
  "minecraft:entity.cat.death": 1.0,
  "minecraft:entity.cat.eat": 1.0,
  "minecraft:entity.cat.hiss": 1.0,
  "minecraft:entity.cat.hurt": 1.0,
  "minecraft:entity.cat.purr": 1.0,
  "minecraft:entity.cat.purreow": 1.0,
  "minecraft:entity.cat.stray_ambient": 1.0,
  "minecraft:entity.chicken.ambient": 1.0,
  "minecraft:entity.chicken.death": 1.0,
  "minecraft:entity.chicken.egg": 1.0,
  "minecraft:entity.chicken.hurt": 1.0,
  "minecraft:entity.chicken.step": 1.0,
  "minecraft:entity.cod.ambient": 1.0,
  "minecraft:entity.cod.death": 1.0,
  "minecraft:entity.cod.flop": 1.0,
  "minecraft:entity.cod.hurt": 1.0,
  "minecraft:entity.cow.ambient": 1.0,
  "minecraft:entity.cow.death": 1.0,
  "minecraft:entity.cow.hurt": 1.0,
  "minecraft:entity.cow.milk": 1.0,
  "minecraft:entity.cow.step": 1.0,
  "minecraft:entity.creeper.death": 1.0,
  "minecraft:entity.creeper.hurt": 1.0,
  "minecraft:entity.creeper.primed": 1.0,
  "minecraft:entity.dolphin.ambient": 1.0,
  "minecraft:entity.dolphin.ambient_water": 1.0,
  "minecraft:entity.dolphin.attack": 1.0,
  "minecraft:entity.dolphin.death": 1.0,
  "minecraft:entity.dolphin.eat": 1.0,
  "minecraft:entity.dolphin.hurt": 1.0,
  "minecraft:entity.dolphin.jump": 1.0,
  "minecraft:entity.dolphin.play": 1.0,
  "minecraft:entity.dolphin.splash": 1.0,
  "minecraft:entity.dolphin.swim": 1.0,
  "minecraft:entity.donkey.ambient": 1.0,
  "minecraft:entity.donkey.angry": 1.0,
  "minecraft:entity.donkey.chest": 1.0,
  "minecraft:entity.donkey.death": 1.0,
  "minecraft:entity.donkey.eat": 1.0,
  "minecraft:entity.donkey.hurt": 1.0,
  "minecraft:entity.dragon_fireball.explode": 1.0,
  "minecraft:entity.drowned.ambient": 1.0,
  "minecraft:entity.drowned.ambient_water": 1.0,
  "minecraft:entity.drowned.death": 1.0,
  "minecraft:entity.drowned.death_water": 1.0,
  "minecraft:entity.drowned.hurt": 1.0,
  "minecraft:entity.drowned.hurt_water": 1.0,
  "minecraft:entity.drowned.shoot": 1.0,
  "minecraft:entity.drowned.step": 1.0,
  "minecraft:entity.drowned.swim": 1.0,
  "minecraft:entity.egg.throw": 1.0,
  "minecraft:entity.elder_guardian.ambient": 1.0,
  "minecraft:entity.elder_guardian.ambient_land": 1.0,
  "minecraft:entity.elder_guardian.curse": 1.0,
  "minecraft:entity.elder_guardian.death": 1.0,
  "minecraft:entity.elder_guardian.death_land": 1.0,
  "minecraft:entity.elder_guardian.flop": 1.0,
  "minecraft:entity.elder_guardian.hurt": 1.0,
  "minecraft:entity.elder_guardian.hurt_land": 1.0,
  "minecraft:entity.ender_dragon.ambient": 1.0,
  "minecraft:entity.ender_dragon.death": 1.0,
  "minecraft:entity.ender_dragon.flap": 1.0,
  "minecraft:entity.ender_dragon.growl": 1.0,
  "minecraft:entity.ender_dragon.hurt": 1.0,
  "minecraft:entity.ender_dragon.shoot": 1.0,
  "minecraft:entity.ender_eye.death": 1.0,
  "minecraft:entity.ender_eye.launch": 1.0,
  "minecraft:entity.ender_pearl.throw": 1.0,
  "minecraft:entity.enderman.ambient": 1.0,
  "minecraft:entity.enderman.death": 1.0,
  "minecraft:entity.enderman.hurt": 1.0,
  "minecraft:entity.enderman.scream": 1.0,
  "minecraft:entity.enderman.stare": 1.0,
  "minecraft:entity.enderman.teleport": 1.0,
  "minecraft:entity.endermite.ambient": 1.0,
  "minecraft:entity.endermite.death": 1.0,
  "minecraft:entity.endermite.hurt": 1.0,
  "minecraft:entity.endermite.step": 1.0,
  "minecraft:entity.evoker.ambient": 1.0,
  "minecraft:entity.evoker.cast_spell": 1.0,
  "minecraft:entity.evoker.celebrate": 1.0,
  "minecraft:entity.evoker.death": 1.0,
  "minecraft:entity.evoker.hurt": 1.0,
  "minecraft:entity.evoker.prepare_attack": 1.0,
  "minecraft:entity.evoker.prepare_summon": 1.0,
  "minecraft:entity.evoker.prepare_wololo": 1.0,
  "minecraft:entity.evoker_fangs.attack": 1.0,
  "minecraft:entity.experience_bottle.throw": 1.0,
  "minecraft:entity.experience_orb.pickup": 1.0,
  "minecraft:entity.firework_rocket.blast": 1.0,
  "minecraft:entity.firework_rocket.blast_far": 1.0,
  "minecraft:entity.firework_rocket.large_blast": 1.0,
  "minecraft:entity.firework_rocket.large_blast_far": 1.0,
  "minecraft:entity.firework_rocket.launch": 1.0,
  "minecraft:entity.firework_rocket.shoot": 1.0,
  "minecraft:entity.firework_rocket.twinkle": 1.0,
  "minecraft:entity.firework_rocket.twinkle_far": 1.0,
  "minecraft:entity.fish.swim": 0.1,
  "minecraft:entity.fishing_bobber.retrieve": 1.0,
  "minecraft:entity.fishing_bobber.splash": 1.0,
  "minecraft:entity.fishing_bobber.throw": 1.0,
  "minecraft:entity.fox.aggro": 1.0,
  "minecraft:entity.fox.ambient": 1.0,
  "minecraft:entity.fox.bite": 1.0,
  "minecraft:entity.fox.death": 1.0,
  "minecraft:entity.fox.eat": 1.0,
  "minecraft:entity.fox.hurt": 1.0,
  "minecraft:entity.fox.screech": 1.0,
  "minecraft:entity.fox.sleep": 1.0,
  "minecraft:entity.fox.sniff": 1.0,
  "minecraft:entity.fox.spit": 1.0,
  "minecraft:entity.fox.teleport": 1.0,
  "minecraft:entity.frog.ambient": 1.0,
  "minecraft:entity.frog.death": 1.0,
  "minecraft:entity.frog.eat": 1.0,
  "minecraft:entity.frog.hurt": 1.0,
  "minecraft:entity.frog.lay_spawn": 1.0,
  "minecraft:entity.frog.long_jump": 1.0,
  "minecraft:entity.frog.step": 1.0,
  "minecraft:entity.frog.tongue": 1.0,
  "minecraft:entity.generic.big_fall": 1.0,
  "minecraft:entity.generic.burn": 1.0,
  "minecraft:entity.generic.death": 1.0,
  "minecraft:entity.generic.drink": 1.0,
  "minecraft:entity.generic.eat": 1.0,
  "minecraft:entity.generic.explode": 1.0,
  "minecraft:entity.generic.extinguish_fire": 1.0,
  "minecraft:entity.generic.hurt": 1.0,
  "minecraft:entity.generic.small_fall": 1.0,
  "minecraft:entity.generic.splash": 1.0,
  "minecraft:entity.generic.swim": 1.0,
  "minecraft:entity.ghast.ambient": 1.0,
  "minecraft:entity.ghast.death": 1.0,
  "minecraft:entity.ghast.hurt": 1.0,
  "minecraft:entity.ghast.scream": 1.0,
  "minecraft:entity.ghast.shoot": 1.0,
  "minecraft:entity.ghast.warn": 1.0,
  "minecraft:entity.glow_item_frame.add_item": 1.0,
  "minecraft:entity.glow_item_frame.break": 1.0,
  "minecraft:entity.glow_item_frame.place": 1.0,
  "minecraft:entity.glow_item_frame.remove_item": 1.0,
  "minecraft:entity.glow_item_frame.rotate_item": 1.0,
  "minecraft:entity.glow_squid.ambient": 1.0,
  "minecraft:entity.glow_squid.death": 1.0,
  "minecraft:entity.glow_squid.hurt": 1.0,
  "minecraft:entity.glow_squid.squirt": 1.0,
  "minecraft:entity.goat.ambient": 1.0,
  "minecraft:entity.goat.death": 1.0,
  "minecraft:entity.goat.eat": 1.0,
  "minecraft:entity.goat.horn_break": 1.0,
  "minecraft:entity.goat.hurt": 1.0,
  "minecraft:entity.goat.long_jump": 1.0,
  "minecraft:entity.goat.milk": 1.0,
  "minecraft:entity.goat.prepare_ram": 1.0,
  "minecraft:entity.goat.ram_impact": 1.0,
  "minecraft:entity.goat.screaming.ambient": 1.0,
  "minecraft:entity.goat.screaming.death": 1.0,
  "minecraft:entity.goat.screaming.eat": 1.0,
  "minecraft:entity.goat.screaming.horn_break": 1.0,
  "minecraft:entity.goat.screaming.hurt": 1.0,
  "minecraft:entity.goat.screaming.long_jump": 1.0,
  "minecraft:entity.goat.screaming.milk": 1.0,
  "minecraft:entity.goat.screaming.prepare_ram": 1.0,
  "minecraft:entity.goat.screaming.ram_impact": 1.0,
  "minecraft:entity.goat.step": 1.0,
  "minecraft:entity.guardian.ambient": 1.0,
  "minecraft:entity.guardian.ambient_land": 1.0,
  "minecraft:entity.guardian.attack": 1.0,
  "minecraft:entity.guardian.death": 1.0,
  "minecraft:entity.guardian.death_land": 1.0,
  "minecraft:entity.guardian.flop": 1.0,
  "minecraft:entity.guardian.hurt": 1.0,
  "minecraft:entity.guardian.hurt_land": 1.0,
  "minecraft:entity.hoglin.ambient": 1.0,
  "minecraft:entity.hoglin.angry": 1.0,
  "minecraft:entity.hoglin.attack": 1.0,
  "minecraft:entity.hoglin.converted_to_zombified": 1.0,
  "minecraft:entity.hoglin.death": 1.0,
  "minecraft:entity.hoglin.hurt": 1.0,
  "minecraft:entity.hoglin.retreat": 1.0,
  "minecraft:entity.hoglin.step": 1.0,
  "minecraft:entity.horse.ambient": 1.0,
  "minecraft:entity.horse.angry": 1.0,
  "minecraft:entity.horse.armor": 1.0,
  "minecraft:entity.horse.breathe": 1.0,
  "minecraft:entity.horse.death": 1.0,
  "minecraft:entity.horse.eat": 1.0,
  "minecraft:entity.horse.gallop": 1.0,
  "minecraft:entity.horse.hurt": 1.0,
  "minecraft:entity.horse.jump": 1.0,
  "minecraft:entity.horse.land": 1.0,
  "minecraft:entity.horse.saddle": 1.0,
  "minecraft:entity.horse.step": 1.0,
  "minecraft:entity.horse.step_wood": 1.0,
  "minecraft:entity.hostile.big_fall": 1.0,
  "minecraft:entity.hostile.death": 1.0,
  "minecraft:entity.hostile.hurt": 1.0,
  "minecraft:entity.hostile.small_fall": 1.0,
  "minecraft:entity.hostile.splash": 1.0,
  "minecraft:entity.hostile.swim": 1.0,
  "minecraft:entity.husk.ambient": 1.0,
  "minecraft:entity.husk.converted_to_zombie": 1.0,
  "minecraft:entity.husk.death": 1.0,
  "minecraft:entity.husk.hurt": 1.0,
  "minecraft:entity.husk.step": 1.0,
  "minecraft:entity.illusioner.ambient": 1.0,
  "minecraft:entity.illusioner.cast_spell": 1.0,
  "minecraft:entity.illusioner.death": 1.0,
  "minecraft:entity.illusioner.hurt": 1.0,
  "minecraft:entity.illusioner.mirror_move": 1.0,
  "minecraft:entity.illusioner.prepare_blindness": 1.0,
  "minecraft:entity.illusioner.prepare_mirror": 1.0,
  "minecraft:entity.iron_golem.attack": 1.0,
  "minecraft:entity.iron_golem.damage": 1.0,
  "minecraft:entity.iron_golem.death": 1.0,
  "minecraft:entity.iron_golem.hurt": 1.0,
  "minecraft:entity.iron_golem.repair": 1.0,
  "minecraft:entity.iron_golem.step": 1.0,
  "minecraft:entity.item.break": 1.0,
  "minecraft:entity.item.pickup": 1.0,
  "minecraft:entity.item_frame.add_item": 1.0,
  "minecraft:entity.item_frame.break": 1.0,
  "minecraft:entity.item_frame.place": 1.0,
  "minecraft:entity.item_frame.remove_item": 1.0,
  "minecraft:entity.item_frame.rotate_item": 1.0,
  "minecraft:entity.leash_knot.break": 1.0,
  "minecraft:entity.leash_knot.place": 1.0,
  "minecraft:entity.lightning_bolt.impact": 1.0,
  "minecraft:entity.lightning_bolt.thunder": 1.0,
  "minecraft:entity.lingering_potion.throw": 1.0,
  "minecraft:entity.llama.ambient": 1.0,
  "minecraft:entity.llama.angry": 1.0,
  "minecraft:entity.llama.chest": 1.0,
  "minecraft:entity.llama.death": 1.0,
  "minecraft:entity.llama.eat": 1.0,
  "minecraft:entity.llama.hurt": 1.0,
  "minecraft:entity.llama.spit": 1.0,
  "minecraft:entity.llama.step": 1.0,
  "minecraft:entity.llama.swag": 1.0,
  "minecraft:entity.magma_cube.death": 1.0,
  "minecraft:entity.magma_cube.death_small": 1.0,
  "minecraft:entity.magma_cube.hurt": 1.0,
  "minecraft:entity.magma_cube.hurt_small": 1.0,
  "minecraft:entity.magma_cube.jump": 1.0,
  "minecraft:entity.magma_cube.squish": 1.0,
  "minecraft:entity.magma_cube.squish_small": 1.0,
  "minecraft:entity.minecart.inside": 1.0,
  "minecraft:entity.minecart.inside.underwater": 1.0,
  "minecraft:entity.minecart.riding": 1.0,
  "minecraft:entity.mooshroom.convert": 1.0,
  "minecraft:entity.mooshroom.eat": 1.0,
  "minecraft:entity.mooshroom.milk": 1.0,
  "minecraft:entity.mooshroom.shear": 1.0,
  "minecraft:entity.mooshroom.suspicious_milk": 1.0,
  "minecraft:entity.mule.ambient": 1.0,
  "minecraft:entity.mule.angry": 1.0,
  "minecraft:entity.mule.chest": 1.0,
  "minecraft:entity.mule.death": 1.0,
  "minecraft:entity.mule.eat": 1.0,
  "minecraft:entity.mule.hurt": 1.0,
  "minecraft:entity.ocelot.ambient": 1.0,
  "minecraft:entity.ocelot.death": 1.0,
  "minecraft:entity.ocelot.hurt": 1.0,
  "minecraft:entity.painting.break": 1.0,
  "minecraft:entity.painting.place": 1.0,
  "minecraft:entity.panda.aggressive_ambient": 1.0,
  "minecraft:entity.panda.ambient": 1.0,
  "minecraft:entity.panda.bite": 1.0,
  "minecraft:entity.panda.cant_breed": 1.0,
  "minecraft:entity.panda.death": 1.0,
  "minecraft:entity.panda.eat": 1.0,
  "minecraft:entity.panda.hurt": 1.0,
  "minecraft:entity.panda.pre_sneeze": 1.0,
  "minecraft:entity.panda.sneeze": 1.0,
  "minecraft:entity.panda.step": 1.0,
  "minecraft:entity.panda.worried_ambient": 1.0,
  "minecraft:entity.parrot.ambient": 1.0,
  "minecraft:entity.parrot.death": 1.0,
  "minecraft:entity.parrot.eat": 1.0,
  "minecraft:entity.parrot.fly": 1.0,
  "minecraft:entity.parrot.hurt": 1.0,
  "minecraft:entity.parrot.imitate.blaze": 1.0,
  "minecraft:entity.parrot.imitate.creeper": 1.0,
  "minecraft:entity.parrot.imitate.drowned": 1.0,
  "minecraft:entity.parrot.imitate.elder_guardian": 1.0,
  "minecraft:entity.parrot.imitate.ender_dragon": 1.0,
  "minecraft:entity.parrot.imitate.endermite": 1.0,
  "minecraft:entity.parrot.imitate.evoker": 1.0,
  "minecraft:entity.parrot.imitate.ghast": 1.0,
  "minecraft:entity.parrot.imitate.guardian": 1.0,
  "minecraft:entity.parrot.imitate.hoglin": 1.0,
  "minecraft:entity.parrot.imitate.husk": 1.0,
  "minecraft:entity.parrot.imitate.illusioner": 1.0,
  "minecraft:entity.parrot.imitate.magma_cube": 1.0,
  "minecraft:entity.parrot.imitate.phantom": 1.0,
  "minecraft:entity.parrot.imitate.piglin": 1.0,
  "minecraft:entity.parrot.imitate.piglin_brute": 1.0,
  "minecraft:entity.parrot.imitate.pillager": 1.0,
  "minecraft:entity.parrot.imitate.ravager": 1.0,
  "minecraft:entity.parrot.imitate.shulker": 1.0,
  "minecraft:entity.parrot.imitate.silverfish": 1.0,
  "minecraft:entity.parrot.imitate.skeleton": 1.0,
  "minecraft:entity.parrot.imitate.slime": 1.0,
  "minecraft:entity.parrot.imitate.spider": 1.0,
  "minecraft:entity.parrot.imitate.stray": 1.0,
  "minecraft:entity.parrot.imitate.vex": 1.0,
  "minecraft:entity.parrot.imitate.vindicator": 1.0,
  "minecraft:entity.parrot.imitate.warden": 1.0,
  "minecraft:entity.parrot.imitate.witch": 1.0,
  "minecraft:entity.parrot.imitate.wither": 1.0,
  "minecraft:entity.parrot.imitate.wither_skeleton": 1.0,
  "minecraft:entity.parrot.imitate.zoglin": 1.0,
  "minecraft:entity.parrot.imitate.zombie": 1.0,
  "minecraft:entity.parrot.imitate.zombie_villager": 1.0,
  "minecraft:entity.parrot.step": 1.0,
  "minecraft:entity.phantom.ambient": 1.0,
  "minecraft:entity.phantom.bite": 1.0,
  "minecraft:entity.phantom.death": 1.0,
  "minecraft:entity.phantom.flap": 1.0,
  "minecraft:entity.phantom.hurt": 1.0,
  "minecraft:entity.phantom.swoop": 1.0,
  "minecraft:entity.pig.ambient": 1.0,
  "minecraft:entity.pig.death": 1.0,
  "minecraft:entity.pig.hurt": 1.0,
  "minecraft:entity.pig.saddle": 1.0,
  "minecraft:entity.pig.step": 1.0,
  "minecraft:entity.piglin.admiring_item": 1.0,
  "minecraft:entity.piglin.ambient": 1.0,
  "minecraft:entity.piglin.angry": 1.0,
  "minecraft:entity.piglin.celebrate": 1.0,
  "minecraft:entity.piglin.converted_to_zombified": 1.0,
  "minecraft:entity.piglin.death": 1.0,
  "minecraft:entity.piglin.hurt": 1.0,
  "minecraft:entity.piglin.jealous": 1.0,
  "minecraft:entity.piglin.retreat": 1.0,
  "minecraft:entity.piglin.step": 1.0,
  "minecraft:entity.piglin_brute.ambient": 1.0,
  "minecraft:entity.piglin_brute.angry": 1.0,
  "minecraft:entity.piglin_brute.converted_to_zombified": 1.0,
  "minecraft:entity.piglin_brute.death": 1.0,
  "minecraft:entity.piglin_brute.hurt": 1.0,
  "minecraft:entity.piglin_brute.step": 1.0,
  "minecraft:entity.pillager.ambient": 1.0,
  "minecraft:entity.pillager.celebrate": 1.0,
  "minecraft:entity.pillager.death": 1.0,
  "minecraft:entity.pillager.hurt": 1.0,
  "minecraft:entity.player.attack.crit": 1.0,
  "minecraft:entity.player.attack.knockback": 1.0,
  "minecraft:entity.player.attack.nodamage": 1.0,
  "minecraft:entity.player.attack.strong": 1.0,
  "minecraft:entity.player.attack.sweep": 1.0,
  "minecraft:entity.player.attack.weak": 1.0,
  "minecraft:entity.player.big_fall": 1.0,
  "minecraft:entity.player.breath": 1.0,
  "minecraft:entity.player.burp": 1.0,
  "minecraft:entity.player.death": 1.0,
  "minecraft:entity.player.hurt": 1.0,
  "minecraft:entity.player.hurt_drown": 1.0,
  "minecraft:entity.player.hurt_freeze": 1.0,
  "minecraft:entity.player.hurt_on_fire": 1.0,
  "minecraft:entity.player.hurt_sweet_berry_bush": 1.0,
  "minecraft:entity.player.levelup": 1.0,
  "minecraft:entity.player.small_fall": 1.0,
  "minecraft:entity.player.splash": 1.0,
  "minecraft:entity.player.splash.high_speed": 1.0,
  "minecraft:entity.player.swim": 1.0,
  "minecraft:entity.polar_bear.ambient": 1.0,
  "minecraft:entity.polar_bear.ambient_baby": 1.0,
  "minecraft:entity.polar_bear.death": 1.0,
  "minecraft:entity.polar_bear.hurt": 1.0,
  "minecraft:entity.polar_bear.step": 1.0,
  "minecraft:entity.polar_bear.warning": 1.0,
  "minecraft:entity.puffer_fish.ambient": 1.0,
  "minecraft:entity.puffer_fish.blow_out": 1.0,
  "minecraft:entity.puffer_fish.blow_up": 1.0,
  "minecraft:entity.puffer_fish.death": 1.0,
  "minecraft:entity.puffer_fish.flop": 1.0,
  "minecraft:entity.puffer_fish.hurt": 1.0,
  "minecraft:entity.puffer_fish.sting": 1.0,
  "minecraft:entity.rabbit.ambient": 1.0,
  "minecraft:entity.rabbit.attack": 1.0,
  "minecraft:entity.rabbit.death": 1.0,
  "minecraft:entity.rabbit.hurt": 1.0,
  "minecraft:entity.rabbit.jump": 1.0,
  "minecraft:entity.ravager.ambient": 1.0,
  "minecraft:entity.ravager.attack": 1.0,
  "minecraft:entity.ravager.celebrate": 1.0,
  "minecraft:entity.ravager.death": 1.0,
  "minecraft:entity.ravager.hurt": 1.0,
  "minecraft:entity.ravager.roar": 1.0,
  "minecraft:entity.ravager.step": 1.0,
  "minecraft:entity.ravager.stunned": 1.0,
  "minecraft:entity.salmon.ambient": 1.0,
  "minecraft:entity.salmon.death": 1.0,
  "minecraft:entity.salmon.flop": 1.0,
  "minecraft:entity.salmon.hurt": 1.0,
  "minecraft:entity.sheep.ambient": 1.0,
  "minecraft:entity.sheep.death": 1.0,
  "minecraft:entity.sheep.hurt": 1.0,
  "minecraft:entity.sheep.shear": 1.0,
  "minecraft:entity.sheep.step": 1.0,
  "minecraft:entity.shulker.ambient": 1.0,
  "minecraft:entity.shulker.close": 1.0,
  "minecraft:entity.shulker.death": 1.0,
  "minecraft:entity.shulker.hurt": 1.0,
  "minecraft:entity.shulker.hurt_closed": 1.0,
  "minecraft:entity.shulker.open": 1.0,
  "minecraft:entity.shulker.shoot": 1.0,
  "minecraft:entity.shulker.teleport": 1.0,
  "minecraft:entity.shulker_bullet.hit": 1.0,
  "minecraft:entity.shulker_bullet.hurt": 1.0,
  "minecraft:entity.silverfish.ambient": 1.0,
  "minecraft:entity.silverfish.death": 1.0,
  "minecraft:entity.silverfish.hurt": 1.0,
  "minecraft:entity.silverfish.step": 1.0,
  "minecraft:entity.skeleton.ambient": 1.0,
  "minecraft:entity.skeleton.converted_to_stray": 1.0,
  "minecraft:entity.skeleton.death": 1.0,
  "minecraft:entity.skeleton.hurt": 1.0,
  "minecraft:entity.skeleton.shoot": 1.0,
  "minecraft:entity.skeleton.step": 1.0,
  "minecraft:entity.skeleton_horse.ambient": 1.0,
  "minecraft:entity.skeleton_horse.ambient_water": 1.0,
  "minecraft:entity.skeleton_horse.death": 1.0,
  "minecraft:entity.skeleton_horse.gallop_water": 1.0,
  "minecraft:entity.skeleton_horse.hurt": 1.0,
  "minecraft:entity.skeleton_horse.jump_water": 1.0,
  "minecraft:entity.skeleton_horse.step_water": 1.0,
  "minecraft:entity.skeleton_horse.swim": 1.0,
  "minecraft:entity.slime.attack": 1.0,
  "minecraft:entity.slime.death": 1.0,
  "minecraft:entity.slime.death_small": 1.0,
  "minecraft:entity.slime.hurt": 1.0,
  "minecraft:entity.slime.hurt_small": 1.0,
  "minecraft:entity.slime.jump": 1.0,
  "minecraft:entity.slime.jump_small": 1.0,
  "minecraft:entity.slime.squish": 1.0,
  "minecraft:entity.slime.squish_small": 1.0,
  "minecraft:entity.sniffer.death": 1.0,
  "minecraft:entity.sniffer.digging": 1.0,
  "minecraft:entity.sniffer.digging_stop": 1.0,
  "minecraft:entity.sniffer.drop_seed": 1.0,
  "minecraft:entity.sniffer.eat": 1.0,
  "minecraft:entity.sniffer.happy": 1.0,
  "minecraft:entity.sniffer.hurt": 1.0,
  "minecraft:entity.sniffer.idle": 1.0,
  "minecraft:entity.sniffer.scenting": 1.0,
  "minecraft:entity.sniffer.searching": 1.0,
  "minecraft:entity.sniffer.sniffing": 1.0,
  "minecraft:entity.sniffer.step": 1.0,
  "minecraft:entity.snow_golem.ambient": 1.0,
  "minecraft:entity.snow_golem.death": 1.0,
  "minecraft:entity.snow_golem.hurt": 1.0,
  "minecraft:entity.snow_golem.shear": 1.0,
  "minecraft:entity.snow_golem.shoot": 1.0,
  "minecraft:entity.snowball.throw": 1.0,
  "minecraft:entity.spider.ambient": 1.0,
  "minecraft:entity.spider.death": 1.0,
  "minecraft:entity.spider.hurt": 1.0,
  "minecraft:entity.spider.step": 1.0,
  "minecraft:entity.splash_potion.break": 1.0,
  "minecraft:entity.splash_potion.throw": 1.0,
  "minecraft:entity.squid.ambient": 1.0,
  "minecraft:entity.squid.death": 1.0,
  "minecraft:entity.squid.hurt": 1.0,
  "minecraft:entity.squid.squirt": 1.0,
  "minecraft:entity.stray.ambient": 1.0,
  "minecraft:entity.stray.death": 1.0,
  "minecraft:entity.stray.hurt": 1.0,
  "minecraft:entity.stray.step": 1.0,
  "minecraft:entity.strider.ambient": 1.0,
  "minecraft:entity.strider.death": 1.0,
  "minecraft:entity.strider.eat": 1.0,
  "minecraft:entity.strider.happy": 1.0,
  "minecraft:entity.strider.hurt": 1.0,
  "minecraft:entity.strider.retreat": 1.0,
  "minecraft:entity.strider.saddle": 1.0,
  "minecraft:entity.strider.step": 1.0,
  "minecraft:entity.strider.step_lava": 1.0,
  "minecraft:entity.tadpole.death": 1.0,
  "minecraft:entity.tadpole.flop": 1.0,
  "minecraft:entity.tadpole.grow_up": 1.0,
  "minecraft:entity.tadpole.hurt": 1.0,
  "minecraft:entity.tnt.primed": 1.0,
  "minecraft:entity.tropical_fish.ambient": 1.0,
  "minecraft:entity.tropical_fish.death": 1.0,
  "minecraft:entity.tropical_fish.flop": 1.0,
  "minecraft:entity.tropical_fish.hurt": 1.0,
  "minecraft:entity.turtle.ambient_land": 1.0,
  "minecraft:entity.turtle.death": 1.0,
  "minecraft:entity.turtle.death_baby": 1.0,
  "minecraft:entity.turtle.egg_break": 1.0,
  "minecraft:entity.turtle.egg_crack": 1.0,
  "minecraft:entity.turtle.egg_hatch": 1.0,
  "minecraft:entity.turtle.hurt": 1.0,
  "minecraft:entity.turtle.hurt_baby": 1.0,
  "minecraft:entity.turtle.lay_egg": 1.0,
  "minecraft:entity.turtle.shamble": 1.0,
  "minecraft:entity.turtle.shamble_baby": 1.0,
  "minecraft:entity.turtle.swim": 1.0,
  "minecraft:entity.vex.ambient": 1.0,
  "minecraft:entity.vex.charge": 1.0,
  "minecraft:entity.vex.death": 1.0,
  "minecraft:entity.vex.hurt": 1.0,
  "minecraft:entity.villager.ambient": 1.0,
  "minecraft:entity.villager.celebrate": 1.0,
  "minecraft:entity.villager.death": 1.0,
  "minecraft:entity.villager.hurt": 1.0,
  "minecraft:entity.villager.no": 1.0,
  "minecraft:entity.villager.trade": 1.0,
  "minecraft:entity.villager.work_armorer": 1.0,
  "minecraft:entity.villager.work_butcher": 1.0,
  "minecraft:entity.villager.work_cartographer": 1.0,
  "minecraft:entity.villager.work_cleric": 1.0,
  "minecraft:entity.villager.work_farmer": 1.0,
  "minecraft:entity.villager.work_fisherman": 1.0,
  "minecraft:entity.villager.work_fletcher": 1.0,
  "minecraft:entity.villager.work_leatherworker": 1.0,
  "minecraft:entity.villager.work_librarian": 1.0,
  "minecraft:entity.villager.work_mason": 1.0,
  "minecraft:entity.villager.work_shepherd": 1.0,
  "minecraft:entity.villager.work_toolsmith": 1.0,
  "minecraft:entity.villager.work_weaponsmith": 1.0,
  "minecraft:entity.villager.yes": 1.0,
  "minecraft:entity.vindicator.ambient": 1.0,
  "minecraft:entity.vindicator.celebrate": 1.0,
  "minecraft:entity.vindicator.death": 1.0,
  "minecraft:entity.vindicator.hurt": 1.0,
  "minecraft:entity.wandering_trader.ambient": 1.0,
  "minecraft:entity.wandering_trader.death": 1.0,
  "minecraft:entity.wandering_trader.disappeared": 1.0,
  "minecraft:entity.wandering_trader.drink_milk": 1.0,
  "minecraft:entity.wandering_trader.drink_potion": 1.0,
  "minecraft:entity.wandering_trader.hurt": 1.0,
  "minecraft:entity.wandering_trader.no": 1.0,
  "minecraft:entity.wandering_trader.reappeared": 1.0,
  "minecraft:entity.wandering_trader.trade": 1.0,
  "minecraft:entity.wandering_trader.yes": 1.0,
  "minecraft:entity.warden.agitated": 1.0,
  "minecraft:entity.warden.ambient": 1.0,
  "minecraft:entity.warden.angry": 1.0,
  "minecraft:entity.warden.attack_impact": 1.0,
  "minecraft:entity.warden.death": 1.0,
  "minecraft:entity.warden.dig": 1.0,
  "minecraft:entity.warden.emerge": 1.0,
  "minecraft:entity.warden.heartbeat": 1.0,
  "minecraft:entity.warden.hurt": 1.0,
  "minecraft:entity.warden.listening": 1.0,
  "minecraft:entity.warden.listening_angry": 1.0,
  "minecraft:entity.warden.nearby_close": 1.0,
  "minecraft:entity.warden.nearby_closer": 1.0,
  "minecraft:entity.warden.nearby_closest": 1.0,
  "minecraft:entity.warden.roar": 1.0,
  "minecraft:entity.warden.sniff": 1.0,
  "minecraft:entity.warden.sonic_boom": 1.0,
  "minecraft:entity.warden.sonic_charge": 1.0,
  "minecraft:entity.warden.step": 1.0,
  "minecraft:entity.warden.tendril_clicks": 1.0,
  "minecraft:entity.witch.ambient": 1.0,
  "minecraft:entity.witch.celebrate": 1.0,
  "minecraft:entity.witch.death": 1.0,
  "minecraft:entity.witch.drink": 1.0,
  "minecraft:entity.witch.hurt": 1.0,
  "minecraft:entity.witch.throw": 1.0,
  "minecraft:entity.wither.ambient": 1.0,
  "minecraft:entity.wither.break_block": 1.0,
  "minecraft:entity.wither.death": 1.0,
  "minecraft:entity.wither.hurt": 1.0,
  "minecraft:entity.wither.shoot": 1.0,
  "minecraft:entity.wither.spawn": 1.0,
  "minecraft:entity.wither_skeleton.ambient": 1.0,
  "minecraft:entity.wither_skeleton.death": 1.0,
  "minecraft:entity.wither_skeleton.hurt": 1.0,
  "minecraft:entity.wither_skeleton.step": 1.0,
  "minecraft:entity.wolf.ambient": 1.0,
  "minecraft:entity.wolf.death": 1.0,
  "minecraft:entity.wolf.growl": 1.0,
  "minecraft:entity.wolf.howl": 1.0,
  "minecraft:entity.wolf.hurt": 1.0,
  "minecraft:entity.wolf.pant": 1.0,
  "minecraft:entity.wolf.shake": 1.0,
  "minecraft:entity.wolf.step": 1.0,
  "minecraft:entity.wolf.whine": 1.0,
  "minecraft:entity.zoglin.ambient": 1.0,
  "minecraft:entity.zoglin.angry": 1.0,
  "minecraft:entity.zoglin.attack": 1.0,
  "minecraft:entity.zoglin.death": 1.0,
  "minecraft:entity.zoglin.hurt": 1.0,
  "minecraft:entity.zoglin.step": 1.0,
  "minecraft:entity.zombie.ambient": 1.0,
  "minecraft:entity.zombie.attack_iron_door": 1.0,
  "minecraft:entity.zombie.attack_wooden_door": 1.0,
  "minecraft:entity.zombie.break_wooden_door": 1.0,
  "minecraft:entity.zombie.converted_to_drowned": 1.0,
  "minecraft:entity.zombie.death": 1.0,
  "minecraft:entity.zombie.destroy_egg": 1.0,
  "minecraft:entity.zombie.hurt": 1.0,
  "minecraft:entity.zombie.infect": 1.0,
  "minecraft:entity.zombie.step": 1.0,
  "minecraft:entity.zombie_horse.ambient": 1.0,
  "minecraft:entity.zombie_horse.death": 1.0,
  "minecraft:entity.zombie_horse.hurt": 1.0,
  "minecraft:entity.zombie_villager.ambient": 1.0,
  "minecraft:entity.zombie_villager.converted": 1.0,
  "minecraft:entity.zombie_villager.cure": 1.0,
  "minecraft:entity.zombie_villager.death": 1.0,
  "minecraft:entity.zombie_villager.hurt": 1.0,
  "minecraft:entity.zombie_villager.step": 1.0,
  "minecraft:entity.zombified_piglin.ambient": 1.0,
  "minecraft:entity.zombified_piglin.angry": 1.0,
  "minecraft:entity.zombified_piglin.death": 1.0,
  "minecraft:entity.zombified_piglin.hurt": 1.0,
  "minecraft:event.raid.horn": 1.0,
  "minecraft:item.armor.equip_chain": 1.0,
  "minecraft:item.armor.equip_diamond": 1.0,
  "minecraft:item.armor.equip_elytra": 1.0,
  "minecraft:item.armor.equip_generic": 1.0,
  "minecraft:item.armor.equip_gold": 1.0,
  "minecraft:item.armor.equip_iron": 1.0,
  "minecraft:item.armor.equip_leather": 1.0,
  "minecraft:item.armor.equip_netherite": 1.0,
  "minecraft:item.armor.equip_turtle": 1.0,
  "minecraft:item.axe.scrape": 1.0,
  "minecraft:item.axe.strip": 1.0,
  "minecraft:item.axe.wax_off": 1.0,
  "minecraft:item.bone_meal.use": 1.0,
  "minecraft:item.book.page_turn": 1.0,
  "minecraft:item.book.put": 1.0,
  "minecraft:item.bottle.empty": 1.0,
  "minecraft:item.bottle.fill": 1.0,
  "minecraft:item.bottle.fill_dragonbreath": 1.0,
  "minecraft:item.brush.brushing.generic": 1.0,
  "minecraft:item.brush.brushing.gravel": 1.0,
  "minecraft:item.brush.brushing.gravel.complete": 1.0,
  "minecraft:item.brush.brushing.sand": 1.0,
  "minecraft:item.brush.brushing.sand.complete": 1.0,
  "minecraft:item.bucket.empty": 1.0,
  "minecraft:item.bucket.empty_axolotl": 1.0,
  "minecraft:item.bucket.empty_fish": 1.0,
  "minecraft:item.bucket.empty_lava": 1.0,
  "minecraft:item.bucket.empty_milk": 1.0,
  "minecraft:item.bucket.empty_powder_snow": 1.0,
  "minecraft:item.bucket.empty_tadpole": 1.0,
  "minecraft:item.bucket.fill": 1.0,
  "minecraft:item.bucket.fill_axolotl": 1.0,
  "minecraft:item.bucket.fill_fish": 1.0,
  "minecraft:item.bucket.fill_lava": 1.0,
  "minecraft:item.bucket.fill_milk": 1.0,
  "minecraft:item.bucket.fill_powder_snow": 1.0,
  "minecraft:item.bucket.fill_tadpole": 1.0,
  "minecraft:item.bundle.drop_contents": 1.0,
  "minecraft:item.bundle.insert": 1.0,
  "minecraft:item.bundle.remove_one": 1.0,
  "minecraft:item.chorus_fruit.teleport": 1.0,
  "minecraft:item.crop.plant": 1.0,
  "minecraft:item.crossbow.hit": 1.0,
  "minecraft:item.crossbow.loading_end": 1.0,
  "minecraft:item.crossbow.loading_middle": 1.0,
  "minecraft:item.crossbow.loading_start": 1.0,
  "minecraft:item.crossbow.quick_charge_1": 1.0,
  "minecraft:item.crossbow.quick_charge_2": 1.0,
  "minecraft:item.crossbow.quick_charge_3": 1.0,
  "minecraft:item.crossbow.shoot": 1.0,
  "minecraft:item.dye.use": 1.0,
  "minecraft:item.elytra.flying": 1.0,
  "minecraft:item.firecharge.use": 1.0,
  "minecraft:item.flintandsteel.use": 1.0,
  "minecraft:item.glow_ink_sac.use": 1.0,
  "minecraft:item.goat_horn.play": 1.0,
  "minecraft:item.goat_horn.sound.0": 1.0,
  "minecraft:item.goat_horn.sound.1": 1.0,
  "minecraft:item.goat_horn.sound.2": 1.0,
  "minecraft:item.goat_horn.sound.3": 1.0,
  "minecraft:item.goat_horn.sound.4": 1.0,
  "minecraft:item.goat_horn.sound.5": 1.0,
  "minecraft:item.goat_horn.sound.6": 1.0,
  "minecraft:item.goat_horn.sound.7": 1.0,
  "minecraft:item.hoe.till": 1.0,
  "minecraft:item.honey_bottle.drink": 1.0,
  "minecraft:item.honeycomb.wax_on": 1.0,
  "minecraft:item.ink_sac.use": 1.0,
  "minecraft:item.lodestone_compass.lock": 1.0,
  "minecraft:item.nether_wart.plant": 1.0,
  "minecraft:item.shield.block": 1.0,
  "minecraft:item.shield.break": 1.0,
  "minecraft:item.shovel.flatten": 1.0,
  "minecraft:item.spyglass.stop_using": 1.0,
  "minecraft:item.spyglass.use": 1.0,
  "minecraft:item.totem.use": 1.0,
  "minecraft:item.trident.hit": 1.0,
  "minecraft:item.trident.hit_ground": 1.0,
  "minecraft:item.trident.return": 1.0,
  "minecraft:item.trident.riptide_1": 1.0,
  "minecraft:item.trident.riptide_2": 1.0,
  "minecraft:item.trident.riptide_3": 1.0,
  "minecraft:item.trident.throw": 1.0,
  "minecraft:item.trident.thunder": 1.0,
  "minecraft:music.creative": 1.0,
  "minecraft:music.credits": 1.0,
  "minecraft:music.dragon": 1.0,
  "minecraft:music.end": 1.0,
  "minecraft:music.game": 1.0,
  "minecraft:music.menu": 1.0,
  "minecraft:music.nether.basalt_deltas": 1.0,
  "minecraft:music.nether.crimson_forest": 1.0,
  "minecraft:music.nether.nether_wastes": 1.0,
  "minecraft:music.nether.soul_sand_valley": 1.0,
  "minecraft:music.nether.warped_forest": 1.0,
  "minecraft:music.overworld.badlands": 1.0,
  "minecraft:music.overworld.bamboo_jungle": 1.0,
  "minecraft:music.overworld.cherry_grove": 1.0,
  "minecraft:music.overworld.deep_dark": 1.0,
  "minecraft:music.overworld.desert": 1.0,
  "minecraft:music.overworld.dripstone_caves": 1.0,
  "minecraft:music.overworld.flower_forest": 1.0,
  "minecraft:music.overworld.forest": 1.0,
  "minecraft:music.overworld.frozen_peaks": 1.0,
  "minecraft:music.overworld.grove": 1.0,
  "minecraft:music.overworld.jagged_peaks": 1.0,
  "minecraft:music.overworld.jungle": 1.0,
  "minecraft:music.overworld.lush_caves": 1.0,
  "minecraft:music.overworld.meadow": 1.0,
  "minecraft:music.overworld.old_growth_taiga": 1.0,
  "minecraft:music.overworld.snowy_slopes": 1.0,
  "minecraft:music.overworld.sparse_jungle": 1.0,
  "minecraft:music.overworld.stony_peaks": 1.0,
  "minecraft:music.overworld.swamp": 1.0,
  "minecraft:music.under_water": 1.0,
  "minecraft:music_disc.11": 1.0,
  "minecraft:music_disc.13": 1.0,
  "minecraft:music_disc.5": 1.0,
  "minecraft:music_disc.blocks": 1.0,
  "minecraft:music_disc.cat": 1.0,
  "minecraft:music_disc.chirp": 1.0,
  "minecraft:music_disc.far": 1.0,
  "minecraft:music_disc.mall": 1.0,
  "minecraft:music_disc.mellohi": 1.0,
  "minecraft:music_disc.otherside": 1.0,
  "minecraft:music_disc.pigstep": 1.0,
  "minecraft:music_disc.relic": 1.0,
  "minecraft:music_disc.stal": 1.0,
  "minecraft:music_disc.strad": 1.0,
  "minecraft:music_disc.wait": 1.0,
  "minecraft:music_disc.ward": 1.0,
  "minecraft:particle.soul_escape": 1.0,
  "minecraft:ui.button.click": 1.0,
  "minecraft:ui.cartography_table.take_result": 1.0,
  "minecraft:ui.loom.select_pattern": 1.0,
  "minecraft:ui.loom.take_result": 1.0,
  "minecraft:ui.stonecutter.select_recipe": 1.0,
  "minecraft:ui.stonecutter.take_result": 1.0,
  "minecraft:ui.toast.challenge_complete": 1.0,
  "minecraft:ui.toast.in": 1.0,
  "minecraft:ui.toast.out": 1.0,
  "minecraft:weather.rain": 1.0,
  "minecraft:weather.rain.above": 1.0,
  "patchouli:book_flip": 1.0,
  "patchouli:book_open": 1.0,
  "tfc:block.anvil.hit": 1.0,
  "tfc:block.barrel.close": 1.0,
  "tfc:block.barrel.drip": 1.0,
  "tfc:block.barrel.open": 1.0,
  "tfc:block.bellows.blow": 1.0,
  "tfc:block.bloomery.crackle": 1.0,
  "tfc:block.charcoal.break": 1.0,
  "tfc:block.charcoal.fall": 1.0,
  "tfc:block.charcoal.hit": 1.0,
  "tfc:block.charcoal.place": 1.0,
  "tfc:block.charcoal.step": 1.0,
  "tfc:block.crop.stick_add": 1.0,
  "tfc:block.large_vessel.close": 1.0,
  "tfc:block.large_vessel.open": 1.0,
  "tfc:block.loom.weave": 1.0,
  "tfc:block.peat.break": 1.0,
  "tfc:block.peat.fall": 1.0,
  "tfc:block.peat.hit": 1.0,
  "tfc:block.peat.place": 1.0,
  "tfc:block.peat.step": 1.0,
  "tfc:block.quern.drag": 1.0,
  "tfc:block.scribing_table.use": 1.0,
  "tfc:block.thatch.break": 1.0,
  "tfc:block.thatch.fall": 1.0,
  "tfc:block.thatch.hit": 1.0,
  "tfc:block.thatch.place": 1.0,
  "tfc:block.thatch.step": 1.0,
  "tfc:block.thin.break": 1.0,
  "tfc:block.thin.fall": 1.0,
  "tfc:block.thin.hit": 1.0,
  "tfc:block.thin.place": 1.0,
  "tfc:block.thin.step": 1.0,
  "tfc:block.tool_rack.place": 1.0,
  "tfc:block.wattle.daubed": 1.0,
  "tfc:block.wattle.dyed": 1.0,
  "tfc:block.wattle.woven": 1.0,
  "tfc:entity.alpaca.ambient": 1.0,
  "tfc:entity.alpaca.death": 1.0,
  "tfc:entity.alpaca.hurt": 1.0,
  "tfc:entity.alpaca.step": 1.0,
  "tfc:entity.bear.ambient": 1.0,
  "tfc:entity.bear.attack": 1.0,
  "tfc:entity.bear.death": 1.0,
  "tfc:entity.bear.hurt": 1.0,
  "tfc:entity.bear.sleep": 1.0,
  "tfc:entity.bear.step": 1.0,
  "tfc:entity.bluegill.ambient": 1.0,
  "tfc:entity.bluegill.death": 1.0,
  "tfc:entity.bluegill.flop": 1.0,
  "tfc:entity.bluegill.hurt": 1.0,
  "tfc:entity.boar.ambient": 1.0,
  "tfc:entity.boar.attack": 1.0,
  "tfc:entity.boar.death": 1.0,
  "tfc:entity.boar.hurt": 1.0,
  "tfc:entity.boar.step": 1.0,
  "tfc:entity.bongo.ambient": 1.0,
  "tfc:entity.bongo.death": 1.0,
  "tfc:entity.bongo.hurt": 1.0,
  "tfc:entity.bongo.step": 1.0,
  "tfc:entity.caribou.ambient": 1.0,
  "tfc:entity.caribou.death": 1.0,
  "tfc:entity.caribou.hurt": 1.0,
  "tfc:entity.caribou.step": 1.0,
  "tfc:entity.cougar.ambient": 1.0,
  "tfc:entity.cougar.attack": 1.0,
  "tfc:entity.cougar.death": 1.0,
  "tfc:entity.cougar.hurt": 1.0,
  "tfc:entity.cougar.sleep": 1.0,
  "tfc:entity.cougar.step": 1.0,
  "tfc:entity.crappie.ambient": 1.0,
  "tfc:entity.crappie.death": 1.0,
  "tfc:entity.crappie.flop": 1.0,
  "tfc:entity.crappie.hurt": 1.0,
  "tfc:entity.deer.ambient": 1.0,
  "tfc:entity.deer.death": 1.0,
  "tfc:entity.deer.hurt": 1.0,
  "tfc:entity.deer.step": 1.0,
  "tfc:entity.dog.ambient": 1.0,
  "tfc:entity.dog.attack": 1.0,
  "tfc:entity.dog.death": 1.0,
  "tfc:entity.dog.hurt": 1.0,
  "tfc:entity.dog.sleep": 1.0,
  "tfc:entity.dog.step": 1.0,
  "tfc:entity.duck.ambient": 1.0,
  "tfc:entity.duck.death": 1.0,
  "tfc:entity.duck.hurt": 1.0,
  "tfc:entity.duck.step": 1.0,
  "tfc:entity.gazelle.ambient": 1.0,
  "tfc:entity.gazelle.death": 1.0,
  "tfc:entity.gazelle.hurt": 1.0,
  "tfc:entity.gazelle.step": 1.0,
  "tfc:entity.grouse.ambient": 1.0,
  "tfc:entity.grouse.death": 1.0,
  "tfc:entity.grouse.hurt": 1.0,
  "tfc:entity.grouse.step": 1.0,
  "tfc:entity.hyena.ambient": 1.0,
  "tfc:entity.hyena.attack": 1.0,
  "tfc:entity.hyena.death": 1.0,
  "tfc:entity.hyena.hurt": 1.0,
  "tfc:entity.hyena.sleep": 1.0,
  "tfc:entity.hyena.step": 1.0,
  "tfc:entity.jellyfish.ambient": 1.0,
  "tfc:entity.jellyfish.death": 1.0,
  "tfc:entity.jellyfish.flop": 1.0,
  "tfc:entity.jellyfish.hurt": 1.0,
  "tfc:entity.lake_trout.ambient": 1.0,
  "tfc:entity.lake_trout.death": 1.0,
  "tfc:entity.lake_trout.flop": 1.0,
  "tfc:entity.lake_trout.hurt": 1.0,
  "tfc:entity.largemouth_bass.ambient": 1.0,
  "tfc:entity.largemouth_bass.death": 1.0,
  "tfc:entity.largemouth_bass.flop": 1.0,
  "tfc:entity.largemouth_bass.hurt": 1.0,
  "tfc:entity.lion.ambient": 1.0,
  "tfc:entity.lion.attack": 1.0,
  "tfc:entity.lion.death": 1.0,
  "tfc:entity.lion.hurt": 1.0,
  "tfc:entity.lion.sleep": 1.0,
  "tfc:entity.lion.step": 1.0,
  "tfc:entity.manatee.ambient": 1.0,
  "tfc:entity.manatee.death": 1.0,
  "tfc:entity.manatee.flop": 1.0,
  "tfc:entity.manatee.hurt": 1.0,
  "tfc:entity.moose.ambient": 1.0,
  "tfc:entity.moose.attack": 1.0,
  "tfc:entity.moose.death": 1.0,
  "tfc:entity.moose.hurt": 1.0,
  "tfc:entity.moose.step": 1.0,
  "tfc:entity.musk_ox.ambient": 1.0,
  "tfc:entity.musk_ox.death": 1.0,
  "tfc:entity.musk_ox.hurt": 1.0,
  "tfc:entity.musk_ox.step": 1.0,
  "tfc:entity.peafowl.ambient": 1.0,
  "tfc:entity.peafowl.death": 1.0,
  "tfc:entity.peafowl.hurt": 1.0,
  "tfc:entity.peafowl.step": 1.0,
  "tfc:entity.penguin.ambient": 1.0,
  "tfc:entity.penguin.death": 1.0,
  "tfc:entity.penguin.hurt": 1.0,
  "tfc:entity.penguin.step": 1.0,
  "tfc:entity.pheasant.ambient": 1.0,
  "tfc:entity.pheasant.death": 1.0,
  "tfc:entity.pheasant.hurt": 1.0,
  "tfc:entity.pheasant.step": 1.0,
  "tfc:entity.quail.ambient": 1.0,
  "tfc:entity.quail.death": 1.0,
  "tfc:entity.quail.hurt": 1.0,
  "tfc:entity.quail.step": 1.0,
  "tfc:entity.rainbow_trout.ambient": 1.0,
  "tfc:entity.rainbow_trout.death": 1.0,
  "tfc:entity.rainbow_trout.flop": 1.0,
  "tfc:entity.rainbow_trout.hurt": 1.0,
  "tfc:entity.rat.ambient": 1.0,
  "tfc:entity.rat.death": 1.0,
  "tfc:entity.rat.hurt": 1.0,
  "tfc:entity.rat.step": 1.0,
  "tfc:entity.rooster.cry": 1.0,
  "tfc:entity.sabertooth.ambient": 1.0,
  "tfc:entity.sabertooth.attack": 1.0,
  "tfc:entity.sabertooth.death": 1.0,
  "tfc:entity.sabertooth.hurt": 1.0,
  "tfc:entity.sabertooth.sleep": 1.0,
  "tfc:entity.sabertooth.step": 1.0,
  "tfc:entity.smallmouth_bass.ambient": 1.0,
  "tfc:entity.smallmouth_bass.death": 1.0,
  "tfc:entity.smallmouth_bass.flop": 1.0,
  "tfc:entity.smallmouth_bass.hurt": 1.0,
  "tfc:entity.tfc_wolf.ambient": 1.0,
  "tfc:entity.tfc_wolf.attack": 1.0,
  "tfc:entity.tfc_wolf.death": 1.0,
  "tfc:entity.tfc_wolf.hurt": 1.0,
  "tfc:entity.tfc_wolf.sleep": 1.0,
  "tfc:entity.tfc_wolf.step": 1.0,
  "tfc:entity.tiger.ambient": 1.0,
  "tfc:entity.tiger.attack": 1.0,
  "tfc:entity.tiger.death": 1.0,
  "tfc:entity.tiger.hurt": 1.0,
  "tfc:entity.tiger.sleep": 1.0,
  "tfc:entity.tiger.step": 1.0,
  "tfc:entity.turkey.ambient": 1.0,
  "tfc:entity.turkey.death": 1.0,
  "tfc:entity.turkey.hurt": 1.0,
  "tfc:entity.turkey.step": 1.0,
  "tfc:entity.wildebeest.ambient": 1.0,
  "tfc:entity.wildebeest.attack": 1.0,
  "tfc:entity.wildebeest.death": 1.0,
  "tfc:entity.wildebeest.hurt": 1.0,
  "tfc:entity.wildebeest.step": 1.0,
  "tfc:entity.yak.ambient": 1.0,
  "tfc:entity.yak.death": 1.0,
  "tfc:entity.yak.hurt": 1.0,
  "tfc:entity.yak.step": 1.0,
  "tfc:item.armor.equip_bismuth_bronze": 1.0,
  "tfc:item.armor.equip_black_bronze": 1.0,
  "tfc:item.armor.equip_black_steel": 1.0,
  "tfc:item.armor.equip_blue_steel": 1.0,
  "tfc:item.armor.equip_bronze": 1.0,
  "tfc:item.armor.equip_copper": 1.0,
  "tfc:item.armor.equip_red_steel": 1.0,
  "tfc:item.armor.equip_steel": 1.0,
  "tfc:item.armor.equip_wrought_iron": 1.0,
  "tfc:item.ceramic.break": 1.0,
  "tfc:item.cool": 1.0,
  "tfc:item.fertilizer.use": 1.0,
  "tfc:item.firestarter.use": 1.0,
  "tfc:item.javelin.hit": 1.0,
  "tfc:item.javelin.hit_ground": 1.0,
  "tfc:item.javelin.throw": 1.0,
  "tfc:item.jug.blow": 1.0,
  "tfc:item.knapping.clay": 1.0,
  "tfc:item.knapping.leather": 1.0,
  "tfc:item.knapping.stone": 1.0,
  "tfc:item.pan.use": 1.0,
  "tfc:random.dirt_slide_short": 1.0,
  "tfc:random.rock_slide_long": 1.0,
  "tfc:random.rock_slide_long_fake": 1.0,
  "tfc:random.rock_slide_short": 1.0,
  "tfc:random.rock_smash": 1.0
}